Sistema,Ambiente,Modulo,Pod,Uso_CPU,Hora,Minuto,Hash
acfisc,acfisc-mon,acfisc-prometheus,acfisc-prometheus-786cdcbc66-9ls2v,0.0029207859799113,23,30,332c5e4f2084eb36084990884d1851c1
cadmei,cadmei-prd,activemq-artemis,activemq-artemis-74b969db9d-kllrj,0.0731003712088284,23,30,c84d6c28aa053c9000e49dac407b17ee
rendavar,rendavar-revarhom,activemq-revar,activemq-revar-659c858b5c-mhns2,0.1564321325459333,23,30,87255aeaab0550c89f64c2d2608e3548
mapasgovbr,mapasgovbr-dsv,airflow-scheduler,airflow-scheduler-5c47859876-dx9xp,2.683936428501445,23,30,9b3ec33a544e0ea8d7138a607ecf550a
biovoz,biovoz-t,airflow-webserver,airflow-webserver-6d9cf87654-lwbg7,0.1666022818263357,23,30,914f123e097895c95b3f13649897a4a7
custos,custos-d,airflow-webserver,airflow-webserver-696489d47b-xng8m,0.285367783006089,23,30,dffe60147f77e98539f9e39f4994e1ab
idpro,idpro-p,api,api-7b4c657bf8-hc6kt,2.2599750230248063e-06,23,30,e8d969781c8c6cc5a45e05b7bc2be7ea
neoid,neoid-p,api,api-68bb77874-t6kg7,0.0001137956060998,23,30,b1f8f52fa1452b7e8953360270e86606
idpro,idpro-p,api,api-7b4c657bf8-bl52m,6.860024704199724e-05,23,30,58986328748903976a95cb2f94c3d0c5
neoid,neoid-p,api,api-68bb77874-xh4lv,0.1355822115185634,23,30,6096e3488387e69289a82d654bce732f
sigepe-servidor,sigepe-servidor-mon,api-prometheus,api-prometheus-7c5c76df4c-2rkpq,0.0009092670460506,23,30,dec4883e291046631f4ed7e8182ebd32
scaibama,scaibama-t1,apicorp-registry,apicorp-registry-69b987b85c-f5z5m,0.0001492846553351,23,30,ff89b236b53b1b4b8a88d893a1724282
scaibama,scaibama-h,apicorp-registry,apicorp-registry-6c7fc5445c-wvnhn,0.0001346524113472,23,30,6db783081354c20dcded312a7cfa91ee
scaibama,scaibama-val,apicorp-registry,apicorp-registry-7496d6b5b6-6nbq2,0.0001084593180017,23,30,0b97b8481c8f8be59224f83a77e851c5
portemp,portemp-production,arealogada-backend,arealogada-backend-66bfd9dcc6-q5zv7,0.0017993472639826,23,30,564364e7b7926b52a473961832c4a1cc
procdecisorio,procdecisorio-p,backend,backend-b45444bb8-dhkkj,1.5628493144766875,23,30,f3491d13ffe7bebf8d80c51a0377a2e6
caepf,caepf-mon,caepf-grf,caepf-grf-69f8f7c865-gcrb7,0.0046288318457927,23,30,1aac7b6fbb83ecbcc9100b4bcb65c3a3
esmon,esmon-pr,ceph,ceph-6465966654-522tn,0.0536642109448584,23,30,ac4147a913ea1e5803578bea8ee4d1bc
chatrfb,chatrfb-mon,chatrfb-prometheus,chatrfb-prometheus-7945496659-ncfcz,0.058705174164737,23,30,cb3293284d87f614d86448b1b2f84439
carneleaoweb,carneleaoweb-mon,clweb-prometheus,clweb-prometheus-7f4c6469cd-zq7pf,0.0157414207044679,23,30,60d03626d732bb7f9a82eb576c02070b
cnbs,cnbs-p,cnbs-kibana,cnbs-kibana-5bb4486f9-dqqsn,4.550713355512156e-05,23,30,3e751e4d49c62a4626f68f9c7dda5a4a
cnbs,cnbs-h,cnbs-kibana,cnbs-kibana-74b47dc547-rmh7z,0.0001632081778998,23,30,7190976ba497341414c81a9d4deaadae
cnetmobile,cnetmobile-pro,cnet-comprasnet-riscos,cnet-comprasnet-riscos-69c856db59-5lldk,0.0004947214046779,23,30,099b56b74940afd5fcdbf4e716f343e4
cnetmobile,cnetmobile-pro,cnet-comprasnet-riscos,cnet-comprasnet-riscos-69c856db59-w22x6,0.001084690490173,23,30,35e2d5c03ef17b3437750ad006f387a0
cnetmobile,cnetmobile-pro,cnet-comprasnet-riscos,cnet-comprasnet-riscos-69c856db59-92pwx,0.0009574884269772,23,30,2f8284a2a7a08a9af10d0cb3ad4d2d74
cnetmobile,cnetmobile-pro,cnet-comprasnet-riscos,cnet-comprasnet-riscos-69c856db59-hj767,0.000364615015268,23,30,e9067191f1e034463d894bb14997b7f7
cnetmobile,cnetmobile-pro,cnet-nats-server,cnet-nats-server-5dbbbdd9f5-br6pq,0.0048145346648929,23,30,dcf5cbdc163d00aa053c81fc44f1e3c0
cnetmobile,cnetmobile-mon,cnetmobile-prometheus,cnetmobile-prometheus-675f949994-bm6c8,0.0836119372924105,23,30,0c8b733641afa6f9931a9d08e955709b
fgtsd,fgtsd-h,cob-backend,cob-backend-597985587f-sxfdh,1.1835549502785678,23,30,317642009d0ee888eb79be0206deceaf
consultacnpj,consultacnpj-production,consulta-publica-cnpj-backend,consulta-publica-cnpj-backend-6657d5b7c7-l45km,0.0003074003079704,23,30,ebda581a6242edae8d75dceaae626b1c
metallb,metallb-system,controller,controller-8569756f47-tmq8x,0.1093445217890706,23,30,c07203137e7a805592e86e7aeae3963e
credencia,credencia-mon,credencia-pth,credencia-pth-6c97c4f4bc-sg9rs,0.0077307719872694,23,30,95d65f22721bbb6a309023d485de10ab
mdmservices,mdmservices-p,dado-referencia,dado-referencia-55bf664d68-77sm5,0.2337920282427667,23,30,742a7b1a4ef8aed37d4ce99a3a7bcda9
dashboardcnpj,dashboardcnpj-mon,dashboardcnpj-mon,dashboardcnpj-mon-66ff6664d8-8lw45,2.0877161999369472e-05,23,30,f110078b4229028a7cb8a4dd24e8a097
esocialweb,esocialweb-mon,datalake-esocialweb-grafana,datalake-esocialweb-grafana-849f9c896c-qn5g8,0.0035397656852122,23,30,61d7610b577e267f5fc19ae1153cf189
labcta,labcta-dedatsearch,dedatsearch-kibana,dedatsearch-kibana-7765d6f85-fq2bz,0.0004008035635968,23,30,1a54eec2da86dda8b3f5d0e800b94c33
mdmservices,mdmservices-v,dm-empregado,dm-empregado-6ccbb4d6cd-prchf,1.2312410010887214,23,30,d8eaabdaf5eac6555d755178b5d0452d
mdmservices,mdmservices-p,dm-empregado,dm-empregado-7f554555b-wtsc5,32.368530113601764,23,30,a1482176baa4a760024fbb97c1d72666
mdmservices,mdmservices-p,dm-empregado,dm-empregado-7f554555b-r9vx5,5.507238200392678,23,30,14fea8f7653c5d823f27cd1ac838296c
mdmservices,mdmservices-p,dm-empregado,dm-empregado-7f554555b-wz2ms,24.235766836933067,23,30,3b40e53363c3adafe85775e1602a57c6
mdmservices,mdmservices-p,dm-empregado,dm-empregado-7f554555b-42ggt,35.77328191978066,23,30,95de2ee61ebb649477d8b908f0189fc7
sinesp-delegaciavirtual,sinesp-delegaciavirtual-mon,dv-prometheus,dv-prometheus-6c85f64b4d-7gp8x,0.0130595738029581,23,30,fd1d25cfebbdc391e95dfb7e86d67430
ibmmqcorp,ibmmqcorp-p,e-sp-corp-08276,e-sp-corp-08276-687df6976d-k52p9,0.0042092497209046,23,30,c60cd2b937690ad575e27dc9887ff128
ibmmqcorp,ibmmqcorp-h,e-sp-corp-08276-2,e-sp-corp-08276-2-58dc9697f6-48kjj,0.0283670033352177,23,30,b7632584ae35d80a5b1ffbe0516f9c57
ibmmqcorp,ibmmqcorp-h,e-sp-corp-92116-1,e-sp-corp-92116-1-cf846f7b9-82xr4,2.0371240755955498e-05,23,30,25371f7aaf836c5bbb5af61c36169dd8
sinespppe,sinespppe-t,elasticsearch,elasticsearch-77cc5dc449-8hwfd,0.0005587447361562,23,30,6eaf9b4bf3a9ae5e29bd604fa6ba73fe
sinespppe,sinespppe-mon,grafana,grafana-5fcd7b4664-k7plq,0.0010889245180454,23,30,3338acc4232c1128aa023fa618e8aeaf
fibra,fibra-m,grafana,grafana-55898c8f88-w2k9f,0.0030516457313028,23,30,d7f41e418691255c4d00da468e3ec21a
apianalytics,apianalytics-p,grafana,grafana-666fbd44b6-8t55j,0.0215856912517316,23,30,2971ddead61098cccf9425d6e874f89b
scaibama,scaibama-mon,grafana,grafana-5c5c8b57c-c8l47,0.0019758420155326,23,30,4d6662520207bb6da0f89665e31daa4f
renavamintegracao,renavamintegracao-mon,grafana,grafana-78766dcb9c-4lp4c,2.108513124886391e-05,23,30,4c3e97406b1b4b63b6440eb2e46bb119
padserpro,padserpro-mon,grafana,grafana-5bfd96555-675fp,2.8471582067758744e-05,23,30,941395d52b45fda1af5b667035e5ae77
ibmmqcorp,ibmmqcorp-mon,grafana,grafana-868f6577b9-cnckd,0.0038787214081186,23,30,eb80a83b3314fe2c3c878a3d846a4707
renave,renave-mon,grafana,grafana-978c8dc6d-fdfrn,2.778836001424273e-05,23,30,28622082a7595e76b536af13d26d4233
painelgtec,painelgtec-p,grafana,grafana-5775649448-gzjjc,0.0052133901941584,23,30,23a43343ed72953a646e60007151ac59
idpro,idpro-mon,grafana,grafana-56bf7db86d-ts6p5,0.0009472478713063,23,30,ae6b4f27faaa5e556372c2bc3bc1bac9
portalirpf,portalirpf-mon,grafana,grafana-d468f9558-pg5m2,0.0023898723575556,23,30,746be815fcb5119b8deebb6a7d19fe1d
liveness,liveness-mon,grafana,grafana-5559866d98-vpzhb,0.0002419082916415,23,30,649568941d85d37d3d8b68316dc87f33
hendrix,hendrix-p,grafana,grafana-5ffd5f8cbd-stw29,0.0005186381595563,23,30,8dceca79d72ae609e0c59c311890e650
barramentoirpf,barramentoirpf-mon,grafana,grafana-f5d59cdb7-p8874,0.0055779532558953,23,30,486c4775c644a99104c28952946348b0
psdenatran,psdenatran-mon,grafana,grafana-644c85f9bf-s2rfd,2.1770461940976143e-05,23,30,4b0f628e924dcaa4e11573835f1a443f
painelgtec,painelgtec-d,grafana,grafana-758bdd4f66-bcphm,0.0004635713705502,23,30,c34ba716b62fa0040e995e4b7b947de9
dedat,dedat-green,green-influx,green-influx-7899d94666-c2v7g,0.0008325955930856,23,30,54ffc2d0fa9e061d5c16a2ff213759e1
sinacapi,sinacapi-mon,grf,grf-bb88875b8-tcpzw,0.007363293116249,23,30,586a8b52e0ee1b97456d905ea30e0bcd
esmon,esmon-pr,haproxy,haproxy-7f89c8b8c-jpltl,0.0073646179050053,23,30,826b2d655ceda03f661c2f0bb6789012
esmon,esmon-pr,haproxy2,haproxy2-6996c66844-nj59q,0.7365712812586314,23,30,7f85198afaa0936088af8984235b2f6d
ingress,ingress-controller,ingress-default-backend,ingress-default-backend-9bfc69579-nt5fr,0.0036203770416441,23,30,c48ccfa8d2157b2e671bbe8b204e8335
ingress,ingress-controller,ingress-default-backend,ingress-default-backend-9bfc69579-xtd6f,0.0032491126851855,23,30,16717af6724817bfd66f27c9486804b5
ingress,ingress-controller,ingress-default-backend,ingress-default-backend-9bfc69579-kf2n4,0.0071499317809581,23,30,9b0b8cde7a50fcd1524279db4256af60
esmon,esmon-pr,kconmon,kconmon-7dbf7c96fc-gn7jn,0.0245662532495858,23,30,7d8da7849f957188a8be0a2f3561bdd4
sigepeged,sigepeged-h,kd,kd-d96c67f-8tx47,2.17350057683168e-06,23,30,1d88580a5060e9faf3c084cc7338d0f0
sigepeged,sigepeged-d,kd,kd-6647d854fc-zsbwg,0.0001491215664699,23,30,23d81bfc6e591982fff580e2de9644dc
extratoirpf,extratoirpf-pro,kibana,kibana-6ffc4676b8-g8c4g,0.0004215231342738,23,30,5ea90b6e3439fc3de9534fd77ac49f09
odradek-apiserpro,odradek-apiserpro-mon,kibana,kibana-5b88545597-zmbqx,0.0006619666163529,23,30,01d3230213c3440597d9f2bb42b684ec
pagtoweb,pagtoweb-monitoracao,kibana,kibana-584654665-hbrsj,0.0001225618516242,23,30,5a2198e87d006de64867acf6b4deab23
hendrix,hendrix-p,kibana,kibana-867ddff87-28d2m,0.0004484737686425,23,30,8dbb7b52aa48e192749eeb7933eeae8e
portalunico,portalunico-val,kibana,kibana-7676c9cb7f-b6bhl,0.0002157323984801,23,30,c7cfc38a2bd9b493b525ca3869c4a9c4
painelgtec,painelgtec-p,kibana,kibana-786b658c45-28nqt,0.0006241557638316,23,30,0fdaf5a161f85beee0611c7d7bd013ad
pncp,pncp-d,kibana,kibana-58c4674895-glr8s,0.0002805028160654,23,30,434f853f58872074e7b529c384983b8d
pncp,pncp-tes,kibana,kibana-fcd4fb684-zbkvk,0.0001024221045211,23,30,3355a7f739e343aa38a5fb57fa416a1f
portalunico,portalunico-dev,kibana,kibana-54fbf958cf-rhh58,0.000595645500667,23,30,04a9172ec1ed50ade62de71c6b226189
portalunico,portalunico-hom,kibana,kibana-664f648cfb-b2xvn,8.831115854904659e-05,23,30,0187c74035ce500581d816c8cc78fe3f
ibama-siac,ibama-siac-homologacao,kibana-logs,kibana-logs-7f86b4b66d-db2r7,2.489337591239139e-05,23,30,807c6aa37cc14ae859ccea43c61a60ed
rdoc-pagamentos,rdoc-pagamentos-mon,kibana2,kibana2-776d559d44-2tbpf,0.0003241960830127,23,30,84f0a26dfc96d44c149d8a464cc27ff8
krfb,krfb-monitoracao,krfb-prometheus,krfb-prometheus-58c7c6b477-78gff,4.16231263838764e-05,23,30,fd5a275f4b63883fafa0ee01dd5438fb
lgpdconsentimento,lgpdconsentimento-mon,lgpdconsentimento-prometheus,lgpdconsentimento-prometheus-755c8c57b4-855tq,2.3593827737223865e-05,23,30,2c1d94ca7403a7a6b97ff8bf91d83378
siscomex-li,siscomex-li-mon,li-prometheus,li-prometheus-86766684cf-hphf5,0.0001521590281962,23,30,ebc1e893f4548a703d6f03df196e9fdd
keycloak,keycloak-montestes,m,m-7b6bbcf89-h2bmz,0.0135586609283875,23,30,f13a62a487d5f918f74e544bf127c124
keycloak,keycloak-mon,m,m-dbb64cf6b-bq69w,0.0046473365907392,23,30,7e9e0f2bb376644ad6ce0f2d41402ef0
orgweb,orgweb-v,microservico-orgao,microservico-orgao-787958866-s7cpc,1.4407186388925488,23,30,11c953b4d632182f27f2032d7310d8d4
orgweb,orgweb-p,microservico-orgao,microservico-orgao-f69d67f68-ht68l,31.288455417147404,23,30,6c3613f4deaebb8f2577baa3cf1cea29
sinespppe,sinespppe-mon,mon,mon-6ff8d55fc8-wdjbg,0.0096096159837771,23,30,c6d91be60c1550a3a9e7a827df6c68c1
vitae,vitae-mon,mon-grafana,mon-grafana-869cdb9b6d-7wmbf,0.0003777063952515,23,30,9d41ba99f62e7fc114fae16e2fcb5f1b
barrabr,barrabr-mon,mon-prometheus,mon-prometheus-654dc4d56d-bgpdr,0.0010566458375294,23,30,301912ef22de8719ff363f465e74aff6
vitae,vitae-mon,mon-prometheus,mon-prometheus-6dd6c48b6b-tsz7d,0.0191512867694027,23,30,ca86c5d755a0531e4be721038cb47266
eprocesso,eprocesso-mon,mon-prth,mon-prth-659655f9b-l8d8c,0.1410774819452596,23,30,8db043f683d30cd5cecb5216db8ad4dd
esmon,esmon-pr,node,node-6cc474c74d-gh9rb,0.2858346279017791,23,30,7348b7dc1d83498e2864393efef3a312
ouvserpro,ouvserpro-v,ouvserpro-backend,ouvserpro-backend-55dbd4557c-mhjkm,0.0240013654109436,23,30,32e9c1d40c6054bd8aba0b3c72919bec
api,api-estaleiro,paas-backend,paas-backend-cdbd976d-dblxs,16.366619765196884,23,30,2bffdcadfaf24146e8847ab1f5c434e0
api,api-estaleiro,paas-backend,paas-backend-cdbd976d-zh8hm,11.84532994273963,23,30,d109078c3c90fc2475e70c6aa165afc8
api,api-estaleiro,paas-backend,paas-backend-cdbd976d-c8gwn,14.012815646859316,23,30,2659aaeb70b022d7ce8e9b62832b8410
api,api-estaleiro,paas-backend,paas-backend-cdbd976d-bm5hg,3.403487676022163,23,30,dbc1ba7e624a92852a0918f1d654cfff
api,api-estaleiro,paas-backend,paas-backend-cdbd976d-pm486,7.584180892241551,23,30,fdc97d75f8ddac7fc94464dc7fa294c5
faturamento,faturamento-p,pagamento,pagamento-78dffcbbf4-9mc4h,2.6499346747236587,23,30,79cd3c4ac2e38b19b2f5c885eae1af94
faturamento,faturamento-p,pagamento,pagamento-78dffcbbf4-49wcc,3.3916703888380715,23,30,f6b26154964f62816bf74e7b508c079f
faturamento,faturamento-d,pagamento,pagamento-959464f59-lr6sr,1.776242656311929,23,30,ceca046a56f0504a66e624fb479df50d
faturamento,faturamento-d,pagamento,pagamento-959464f59-9gf4f,0.0001560785503566,23,30,9771139ad160ee49a3304967dede56b3
pfauto,pfauto-h,pfabatch,pfabatch-745f58cf58-4rwj5,0.0174986479765674,23,30,779218da426c0463bce714161a9d09ca
rnfcorp,rnfcorp-prod,pmt-mon,pmt-mon-65dc48769f-sfj6f,0.0031337665768931,23,30,54a1becd91c4a0f0019ac3b65611a07b
portalcadastro,portalcadastro-mon,portalcadastro-grf,portalcadastro-grf-b979796d9-v8jf5,0.0016036674393128,23,30,8ce27088455d3f26493058c5fa710d47
siafi,siafi-mon,pr,pr-65458dff8c-j26nd,0.1312562465698282,23,30,d0ab17fb2a839bcc2f1e8cf313299f1e
metadados,metadados-probackend,pro-metadados,pro-metadados-785f5c9cf4-4xsft,0.0060222928134063,23,30,1385dacb71593b6082d0aa1cb4485eea
pucomexmetrics,pucomexmetrics-supcd,prom,prom-6d87655dbc-spxsq,0.0697642487591181,23,30,a180c1763cabc2a36f7262b4bd72c778
ibama-paubrasil,ibama-paubrasil-mon,prometheus,prometheus-7c85f7895b-gq6cs,0.0185025899527177,23,30,5338ced4bb26082ca5d1d18781a903db
siscomex-di,siscomex-di-mon,prometheus,prometheus-75b6b4d896-7xzlj,0.0038305199177211,23,30,1c07235f155cb5d2465e64170414dd15
consentrfb,consentrfb-mon,prometheus,prometheus-594bf89cd5-d46j8,0.0043069170278519,23,30,5c390368dbc0974b82960635e13f59f5
sigaibama,sigaibama-mon,prometheus,prometheus-67497fc5cf-kfpqs,0.0001381015735698,23,30,dec4bcc49155df3d0fb276931eba4999
sigepe-api,sigepe-api-monitoracao,prometheus,prometheus-5686b8b86f-99xb7,0.0005788844184377,23,30,0616e6aad9c5ec22df9f5e14b910e166
irpf-ppger,irpf-ppger-mon,prometheus,prometheus-646f76cdd6-vh6nx,0.0001563542857605,23,30,82b6f5d60949ca81d9404f51f4436b42
bcadastros,bcadastros-mon,prometheus,prometheus-5b846f6454-ls6nj,0.1280304955292173,23,30,2f86769bc74ecfd2bfd35c06c346af70
renave,renave-mon,prometheus,prometheus-c4f8bd46f-qdcvh,0.0002872396092574,23,30,706ae6aa1efd7dbaee588835ec94d614
pandora,pandora-mon,prometheus,prometheus-774dc55b9-rfm95,0.0084347618015098,23,30,b51c01853bbaa1e8d7429855c93999cf
conectagov,conectagov-conectagovm,prometheus,prometheus-5b54f6bcdb-rvbv5,0.006651655188093,23,30,d1a426188f7e5442a88ffc1d96e2316b
whatsapp,whatsapp-mon,prometheus,prometheus-76775dbcd-t6r62,0.076204410869737,23,30,86cf52b60d66715815cc3a8c26d13f61
kafkacorp,kafkacorp-mon,prometheus,prometheus-5c4bfc9487-vd6wd,0.0813887700965244,23,30,279d03f70ef539bc4284f641c93544ef
scaibama,scaibama-mon,prometheus,prometheus-865fbc58dd-8krg9,0.0069154247473594,23,30,7a46000568ee67d304814f3eae25c477
appgovbr,appgovbr-mon,prometheus,prometheus-85fc9b5cfc-6r4jq,0.002811015327689,23,30,ce628e9ac1198b994b643224e0b0542d
siasgnet,siasgnet-monitor,prometheus,prometheus-66d595f4fb-k45bl,9.195448365084672e-05,23,30,0e257f70c1addb400feccf1793479bac
bconsent,bconsent-mon,prometheus,prometheus-6bf566b5f9-92vkl,0.0491254401986865,23,30,fff602eaae3069b08241eb3d38862349
ecffaturamento,ecffaturamento-mon,prometheus,prometheus-55b898c8d7-77pvj,0.0006593746698301,23,30,e6d5901e6db5168f119fc675445b0079
pncp,pncp-mon,prometheus,prometheus-78d8788c9c-xz99k,0.0111389513545805,23,30,d54c29f2de55b0162403f135757f0aec
autorizagov,autorizagov-mon,prometheus,prometheus-54c5dbbbfb-b7rl7,4.279216962253772e-05,23,30,a9509a2a7f7e6bc92588cc9ae34c2358
dctfweb,dctfweb-mon,prometheus,prometheus-55fb9f9fff-65ksm,0.0017704353276744,23,30,7fd561e97d1917e787b3d2bfe40437fa
sinespplacasvinc,sinespplacasvinc-mon,prometheus,prometheus-7574c6c645-r4rx5,0.0001703874521671,23,30,3e4515dff6d473605f8d25e282bc7e5c
consultacnd,consultacnd-m,prometheus,prometheus-6d667f8458-7mf52,0.0029113907430748,23,30,58732828f179ac8ffc48c563e4c78810
bcadastrosn,bcadastrosn-mon,prometheus,prometheus-84dd944f5-vx7zm,5.179780020118108e-05,23,30,421ac7a8ca595eaa0fd946ccb7088961
cnbs,cnbs-monitor,prometheus,prometheus-5fcdd74d4b-g4tmd,0.0035312650597492,23,30,3cb3f89111d2c45721b71d26a20b74cb
siscomex-transito,siscomex-transito-mon,prometheus,prometheus-8c668c999-ftd2t,4.246785248817776e-05,23,30,e6a3832d749d5422e12312a8d9a503b2
eprocserv,eprocserv-mon,prometheus,prometheus-f7cb8dc44-xwfds,0.0051445407713508,23,30,b4f7cb137788b733b560d86a8097af66
renainfweb,renainfweb-mon,prometheus,prometheus-d74b48b56-l899f,0.0137943427666482,23,30,a06dd7544850c433d6f30d9643345af7
ibmmqcorp,ibmmqcorp-mon,prometheus,prometheus-59bdc96b8f-qmzdk,0.1972266047230918,23,30,b33f2955ae471f7e32fdb9e397b308bd
spunet,spunet-mon,prometheus,prometheus-597547bb59-6vb58,5.204728873563452e-05,23,30,a1a94a9e14678f27d24ea2490cbaee9b
siscomex-carga,siscomex-carga-mon,prometheus,prometheus-7c747ccc45-xv9nl,0.020338890982438,23,30,7596c8f5dbcfc49528f01646002b6d5d
spednfe,spednfe-mon,prometheus,prometheus-6f64ff5d87-9cfvf,0.1048658440788145,23,30,48f303f0ee1396d75e3c9b99b65ba4f5
carteiradigital,carteiradigital-mon,prometheus,prometheus-685cdf8cf9-wnv6s,0.0003706990556242,23,30,32fc29d961b9428e238a1ac5034b792e
renavam,renavam-mon,prometheus,prometheus-64f98ffc4-76s66,0.0065884706719295,23,30,86b2aaad86c36afccd0346fd51468a2f
irpfonline,irpfonline-mon,prometheus,prometheus-c77b46bf4-wttw9,0.0110356312199265,23,30,1d200fd2fd87eb0cce37f8de9c10343b
bconnect,bconnect-mon,prometheus,prometheus-8cb96d757-v77cn,0.0224973813623063,23,30,3437143a4c9fbe6ef23fff5ceed69004
ingress,ingress-controller,prometheus,ingress-metrics-vgthv,0.0676533767095438,23,30,50b9d1cb1164b223207baec9c397db6c
ingress,ingress-controller,prometheus,ingress-metrics-r7qj5,0.091077950528498,23,30,fc7dd03b765542b67edec22ff149db06
ingress,ingress-controller,prometheus,ingress-metrics-wtgbq,0.0612109054555922,23,30,58e1fcc11f068c0aad0e734b788263a0
ingress,ingress-controller,prometheus,ingress-metrics-2p9vr,0.0558239853350084,23,30,d91ca7bd59262abc0d02cd95f1c227fd
ingress,ingress-controller,prometheus,ingress-metrics-jv6lk,0.0613271929237829,23,30,754f5146a605f84a39a82e1ecc3708a3
ingress,ingress-controller,prometheus,ingress-metrics-9tgfm,0.0675205803839461,23,30,6854ffc8935231a5491b3f4a210bf09b
ingress,ingress-controller,prometheus,ingress-metrics-n9b5l,0.0493654263049271,23,30,7c9e47607be1397522b2304fe591c274
ingress,ingress-controller,prometheus,ingress-metrics-sshrn,0.086278766633283,23,30,7a9b8d56e57c0134d65edc7d671eb668
ingress,ingress-controller,prometheus,ingress-metrics-hfnpx,0.0934695522498474,23,30,0fc82bb91817ca0479b1362704aac1d0
ingress,ingress-controller,prometheus,ingress-metrics-ztnsx,0.0930492619918278,23,30,0324d401125671322087e655ee6d3e5a
ingress,ingress-controller,prometheus,ingress-metrics-n5gv7,0.0951215621216673,23,30,70f64c45f733204adc9c2b4d26d6f666
ingress,ingress-controller,prometheus,ingress-metrics-5nl9s,0.0539913160024749,23,30,c9b12790f73ac45e2e361df761b4a7ba
ingress,ingress-controller,prometheus,ingress-metrics-z82sp,0.0667420464823344,23,30,02be3bb1c189fe8e84e0178e659f6574
ingress,ingress-controller,prometheus,ingress-metrics-kxhmg,0.0853618213080504,23,30,3766040763c6e95d354db5ed6c27b436
ingress,ingress-controller,prometheus,ingress-metrics-klrn9,0.065607002109963,23,30,b5b199e6a0e67082dd1cd5ba4680c9c8
ingress,ingress-controller,prometheus,ingress-metrics-2ck9x,0.0570821653765792,23,30,56aea133ea6887e44dcf8301dc9f0433
ingress,ingress-controller,prometheus,ingress-metrics-2wvsr,0.0539098956739406,23,30,c8d23477470664286e80137a8854f5b9
ingress,ingress-controller,prometheus,ingress-metrics-n9xws,0.0468369904153881,23,30,3eec3a228364a832231fd3d6836202f2
ingress,ingress-controller,prometheus,ingress-metrics-2v844,0.077958224628816,23,30,b7154e88ec4c8134407f4f6d9b1ba991
ingress,ingress-controller,prometheus,ingress-metrics-pgn4h,0.0606368088496968,23,30,22e1ffaeb63fad99d1d49177e709dc4e
ingress,ingress-controller,prometheus,ingress-metrics-qtcqx,0.0462161290848282,23,30,39a0a23d90a8eeafe95c9ce10c6f2e1e
ingress,ingress-controller,prometheus,ingress-metrics-xpnds,0.0475649678862915,23,30,e845b0a78e1e4c6c6a3df33837b748d4
ingress,ingress-controller,prometheus,ingress-metrics-f2jv8,0.060520914526335,23,30,71279e513fd5808d01c27acf926612f2
ingress,ingress-controller,prometheus,ingress-metrics-g9rgf,0.0794934939308453,23,30,c17f674c887d3db14d4012a741a720c7
ingress,ingress-controller,prometheus,ingress-metrics-hb6pt,0.0739113787828929,23,30,50733164063b5f151058bc7aa48ff54e
ingress,ingress-controller,prometheus,ingress-metrics-b86pb,0.1144724325421932,23,30,6bc0fce8ef49e03c1dd878e4ac79d82e
ingress,ingress-controller,prometheus,ingress-metrics-jrmng,0.0432833601860512,23,30,99ac1ea3e733e3b93e568521ab83099b
ingress,ingress-controller,prometheus,ingress-metrics-9jptp,0.0834454129061363,23,30,a187122355a05488ec23e14738e3915b
ingress,ingress-controller,prometheus,ingress-metrics-pwszb,0.0705885601769318,23,30,3aeb5fa07380648345fe4005f7ab441d
ingress,ingress-controller,prometheus,ingress-metrics-9kk94,0.0422952438378567,23,30,056b66482e8a62d73c3b81e1d8178495
brcidadao,brcidadao-mon,prometheus-1,prometheus-1-5b798fdc5d-5t4kt,0.0689513741341774,23,30,3f0f7f058145152c743971bfc24920a6
brcidadao,brcidadao-mon,prometheus-2,prometheus-2-7798bcbf45-7jzts,0.0024596383467499,23,30,dfd683e1a18f8afd56f3f4c5d78fcc90
ecac,ecac-mon,prometheus-ecac,prometheus-ecac-5478ff9b54-qrs6v,0.0042059422871204,23,30,fc4fdc8b8ce11d510ef106b3ca769ee1
portalirpf,portalirpf-mon,prometheus-irpf,prometheus-irpf-6cb956c756-t7jjj,0.0179190865055013,23,30,84cf8d2176f9f3245537c62832502cd4
loginesocial,loginesocial-mon,prometheus-login-esocial,prometheus-login-esocial-688df496c8-456nw,0.0002996970463159,23,30,91a9e88bcfc859b117e9dd760773f393
kube,kube-system,prometheus-node-exporter,prometheus-node-exporter-jjvjj,2.3297791227146614,23,30,cafa4a16689eb2239bdc658803ddfd59
kube,kube-system,prometheus-node-exporter,prometheus-node-exporter-29kn7,2.431395313920419,23,30,a07ce3702a94a9b050afae1b4f2af055
kube,kube-system,prometheus-node-exporter,prometheus-node-exporter-fvz65,0.035222366958016,23,30,d386c44b0ae89658840f3e0d4782d90d
kube,kube-system,prometheus-node-exporter,prometheus-node-exporter-t2t7k,0.0424879996314522,23,30,34cac258fc8782d50b6a2831fe25c3ca
kube,kube-system,prometheus-node-exporter,prometheus-node-exporter-wdjp6,0.0457859453237104,23,30,3c90175427bb862550c4e5b77bee3ebe
kube,kube-system,prometheus-node-exporter,prometheus-node-exporter-pbnj9,1.7608947278500875,23,30,28b5bb117dc8a69676fc943713d5bc59
kube,kube-system,prometheus-node-exporter,prometheus-node-exporter-bhfvg,1.8717552231599208,23,30,bad07a5150e531e76733437733bbe013
kube,kube-system,prometheus-node-exporter,prometheus-node-exporter-9vcrs,1.633485768276124,23,30,f60e12b03e3ed810b2aeebd8c5b22fdf
kube,kube-system,prometheus-node-exporter,prometheus-node-exporter-ms9tq,1.9110046642743412,23,30,e267c349a07d501596c9d0d8b8065600
kube,kube-system,prometheus-node-exporter,prometheus-node-exporter-jxwpd,1.9240566988866863,23,30,674e735a326412772bf35b64ca039dd9
kube,kube-system,prometheus-node-exporter,prometheus-node-exporter-wwdkq,1.9759927481383293,23,30,1a91ef375622e5147c1127393559d0a1
kube,kube-system,prometheus-node-exporter,prometheus-node-exporter-t7zgx,1.6517760690407906,23,30,65054d46be94099ae9e22388e58854e3
kube,kube-system,prometheus-node-exporter,prometheus-node-exporter-vb5jb,1.3902982786902478,23,30,19259fa3ddb929b49d22cce4588c77dd
kube,kube-system,prometheus-node-exporter,prometheus-node-exporter-xftn4,2.021627805023241,23,30,9aecf0d4f50b230edf5eb1d0976b1c76
kube,kube-system,prometheus-node-exporter,prometheus-node-exporter-jz98v,1.424487375029325,23,30,13e4cd24985c76fefd9ffbb7353fa629
kube,kube-system,prometheus-node-exporter,prometheus-node-exporter-nkrsk,1.6592349324064797,23,30,3c7f59260d90ea8f192a0ba0603dca1b
kube,kube-system,prometheus-node-exporter,prometheus-node-exporter-826b7,1.7076284561740809,23,30,a211abdef0d13f66f0945129529b0fb9
kube,kube-system,prometheus-node-exporter,prometheus-node-exporter-p22s7,1.4492584805308666,23,30,e119712d68670042df4a4a175c46f485
kube,kube-system,prometheus-node-exporter,prometheus-node-exporter-2dqp8,1.261872827171709,23,30,1513ddffce6f54f8fab488eb8d94331b
kube,kube-system,prometheus-node-exporter,prometheus-node-exporter-r7dm5,1.637995026150359,23,30,23eebe071fb66b06873589b49d878dbf
kube,kube-system,prometheus-node-exporter,prometheus-node-exporter-wszkn,1.2820428477668502,23,30,c8686aa1a0de380f79e0178642b10158
kube,kube-system,prometheus-node-exporter,prometheus-node-exporter-w2fpv,0.6065502114037948,23,30,7411823c0ea54692775becb39cd5ee44
kube,kube-system,prometheus-node-exporter,prometheus-node-exporter-zwxp5,0.8984098109277047,23,30,37955a3353ac2dab96fb1afff29143e3
kube,kube-system,prometheus-node-exporter,prometheus-node-exporter-9q5l9,0.6319096738020128,23,30,275ebc321b894f68bffe561d658a0fba
kube,kube-system,prometheus-node-exporter,prometheus-node-exporter-4zbwm,0.4294394091773522,23,30,094f23978d8a6d43d54f2def8d7a07c2
kube,kube-system,prometheus-node-exporter,prometheus-node-exporter-gtvwd,0.5955434996830744,23,30,20f2a517bd5bf78f45eb35d821bc958d
kube,kube-system,prometheus-node-exporter,prometheus-node-exporter-l9wj5,0.385181194867095,23,30,6e074ee21a9c58994b43bbfe5f6a91cb
kube,kube-system,prometheus-node-exporter,prometheus-node-exporter-wpmhg,0.8267607541308325,23,30,924f89e5c080934c30d091d05c363dac
kube,kube-system,prometheus-node-exporter,prometheus-node-exporter-shxrt,0.6026000230234683,23,30,536e799ab689f64ca5f3d0bc48563aa5
kube,kube-system,prometheus-node-exporter,prometheus-node-exporter-qb49g,0.0005145938184222,23,30,d9a545624aac24673a93387b243cb9da
kube,kube-system,prometheus-node-exporter,prometheus-node-exporter-sqtps,1.8698945014578503,23,30,0c5338f136aac82911c1ce7e9d0df180
kube,kube-system,prometheus-node-exporter,prometheus-node-exporter-s6tjq,0.9996567614818108,23,30,57a99895c328e762e7de542a922ddb95
kube,kube-system,prometheus-node-exporter,prometheus-node-exporter-jqktq,0.7936100645657366,23,30,f287a832303cb2fa39ccc98e3399ed76
kube,kube-system,prometheus-node-exporter,prometheus-node-exporter-k74lq,1.2060172492414143,23,30,3612f646432607c1b03e1960f5b92ae0
kube,kube-system,prometheus-node-exporter,prometheus-node-exporter-t4qs6,0.0276851827074863,23,30,e436c5ba95bcb5872e65a1ffab0940e0
kube,kube-system,prometheus-node-exporter,prometheus-node-exporter-ctbhr,0.0017396293042287,23,30,df7d83efad78ca9ab207e04e687189b9
kube,kube-system,prometheus-node-exporter,prometheus-node-exporter-pl27s,0.0005426010110155,23,30,c2bcdb9fc93dc81e4adce08c56090f8e
kube,kube-system,prometheus-node-exporter,prometheus-node-exporter-j4lfn,0.037595818416268,23,30,ae83a87b448f00d03476cdcbb7c6ab69
kube,kube-system,prometheus-node-exporter,prometheus-node-exporter-ntszq,0.015237220329395,23,30,15f34df8d4ccad641a250b9038f2331e
kube,kube-system,prometheus-node-exporter,prometheus-node-exporter-klmt2,0.006537244137735,23,30,b83e19cbb90da47bd5d013b83b2573d1
kube,kube-system,prometheus-node-exporter,prometheus-node-exporter-84q2s,0.0221431494124535,23,30,78ccd5cba87c0dd0e4fd90501a0bc682
kube,kube-system,prometheus-node-exporter,prometheus-node-exporter-hm9xc,0.0061073871127955,23,30,db90eaff672d2636044cb285c6d8f18d
kube,kube-system,prometheus-node-exporter,prometheus-node-exporter-p4gv2,0.0155759213129443,23,30,4c974f61bdb9d45347f00fc3ea5ce0e7
kube,kube-system,prometheus-node-exporter,prometheus-node-exporter-djqkm,0.0328030199268682,23,30,74ebd77924e4a735a0b70e5ec55c6eca
kube,kube-system,prometheus-node-exporter,prometheus-node-exporter-fzh6d,0.009459028113688,23,30,e1d39119033c47297473bc956dc07a85
kube,kube-system,prometheus-node-exporter,prometheus-node-exporter-mlf4f,0.0667012693009693,23,30,1643cb373bfb964b8c8c843f6a4e6bb1
kube,kube-system,prometheus-node-exporter,prometheus-node-exporter-4thgv,0.001515294610004,23,30,11721652d0274e7e2239892286108008
kube,kube-system,prometheus-node-exporter,prometheus-node-exporter-nj86g,0.0207106615831215,23,30,16dc3593946ca6459bbb97fc34182420
kube,kube-system,prometheus-node-exporter,prometheus-node-exporter-nwr6v,0.0012703512881619,23,30,ef01424d498b8a55422ff1ffa92b8b8d
kube,kube-system,prometheus-node-exporter,prometheus-node-exporter-4gvd7,0.0105329786311634,23,30,31ed639f233b452a378a35b1386a5ff4
kube,kube-system,prometheus-node-exporter,prometheus-node-exporter-w5wfq,0.006316155045634,23,30,70f869f3127f252d8913583aa387bbbf
kube,kube-system,prometheus-node-exporter,prometheus-node-exporter-hlfph,0.0190335488676243,23,30,714000e8b6ae8c1db2a5edaed2e9ad79
kube,kube-system,prometheus-node-exporter,prometheus-node-exporter-7kl6p,0.070124746522262,23,30,9583de5a7b3f04f93827b144dfad8717
kube,kube-system,prometheus-node-exporter,prometheus-node-exporter-j68v8,0.0063312162920654,23,30,b35bb83c47f20342d8e69f1a284324e8
kube,kube-system,prometheus-node-exporter,prometheus-node-exporter-dx7hf,0.0173533460931528,23,30,1878c041b660c1913d0177abf69c4146
kube,kube-system,prometheus-node-exporter,prometheus-node-exporter-df7ht,0.0220944575606957,23,30,795b0e9fc54f49d7898e323fa3354df1
kube,kube-system,prometheus-node-exporter,prometheus-node-exporter-sclkt,0.0221149711778614,23,30,7da1543b5de25c78da3ec149bbcd3c5f
kube,kube-system,prometheus-node-exporter,prometheus-node-exporter-hrjhq,0.0113060349978767,23,30,fceaa43af6016c15f45e779574e236ae
kube,kube-system,prometheus-node-exporter,prometheus-node-exporter-hqlkf,0.011180646789298,23,30,83a302bb27692af9cbf7a395560deae7
kube,kube-system,prometheus-node-exporter,prometheus-node-exporter-mgrvs,0.0104719264037704,23,30,0067cf31d16809de7bda0a4d005f932a
kube,kube-system,prometheus-node-exporter,prometheus-node-exporter-dbbmp,0.0079466897918127,23,30,479a02b5bc6b9b815e77c2e07264e89a
kube,kube-system,prometheus-node-exporter,prometheus-node-exporter-sms6v,0.0173696492608576,23,30,9bb26f2c7c2bba01c866b8ff8b3c512d
kube,kube-system,prometheus-node-exporter,prometheus-node-exporter-fvzn8,0.0162686907268577,23,30,ddb357f38e0932421a1dc77bd12934b5
kube,kube-system,prometheus-node-exporter,prometheus-node-exporter-75h7r,0.0503575623533717,23,30,9fff2db65926e1c7b81b87c1eb68997e
kube,kube-system,prometheus-node-exporter,prometheus-node-exporter-9zmfq,0.0059567917854576,23,30,7f6b378714d85207ed578e6112e17e61
kube,kube-system,prometheus-node-exporter,prometheus-node-exporter-4z8nq,0.0212570945963745,23,30,9e96c28430b2c70fbb4801edbe0c0929
kube,kube-system,prometheus-node-exporter,prometheus-node-exporter-5mf2n,0.0037994805718416,23,30,94f4f9959e7afaa99514f480f5b6a348
kube,kube-system,prometheus-node-exporter,prometheus-node-exporter-lxhkf,0.0121691113547237,23,30,f3f9842cac4c14ad5bb086d1a57f1340
reinf,reinf-mon,prometheus-reinf,prometheus-reinf-64cc8447bd-x26j9,0.0111723343288259,23,30,c293ee7b90b27b20a5c6f85ce7e455ea
scdp,scdp-m,prometheus-server,prometheus-server-5847679b5b-zr4km,0.007130605151043,23,30,a7e36c8868ba14dfb8eba5a3f53cc8cd
apinfe2,apinfe2-mon,prt-push,prt-push-655d7f6c47-ftstm,0.0155426158320873,23,30,bc2c75b38d4e7f6fd8e54f6d4aee8b3b
dctfwebcompleta,dctfwebcompleta-mon,prth,prth-5cc945bc45-b697m,0.0086083284045964,23,30,87d32dd985b5ae439b6af364995b792b
icdctfweb,icdctfweb-mon,prth,prth-689b95887c-jpgkw,0.0204504932972518,23,30,c9829f10b57248775546e5fe64f30df1
integracontador,integracontador-m,prth,prth-6889877679-xgkd9,0.0006875696744472,23,30,db0baad1f78de8532d45eecdac140fe8
receitadata,receitadata-mon,prth,prth-665547484b-snbtw,0.0006354592950565,23,30,fd336c0e555352dfb87a89b9eb9af41d
sinac,sinac-mon,prth,prth-fd5848888-vzfvd,0.0064818804142269,23,30,82ea96bbc5d4ad158302b858ea496f3c
pucomex-raes-priv,pucomex-raes-priv-mon,pucomex-raes-prometheus,pucomex-raes-prometheus-5c8f6c4f66-26qk4,0.0058159703326233,23,30,21c68df2d349fec22747a3d9d1b1138f
keycloak,keycloak-mon,push,push-6fdfc7c4bc-cbhx4,0.0338486023803496,23,30,9feb4350dd5209977d45d4d0ca1a3193
keycloak,keycloak-montestes,push,push-6bcf998b8b-zkksf,0.2952498389594861,23,30,569af502a92be956ff812c1ecd311e1a
radarv2,radarv2-mon,radar-prth,radar-prth-665b47d4d5-lvlw8,0.0001172980619597,23,30,869059dc9f9fc69f8deae13cb56cdd20
renachservice,renachservice-p,renach-coletaimagem-service,renach-coletaimagem-service-b75d99566-2v5zx,0.1995234993150579,23,30,ec2d686b1af896bff4f195cbf0ca6f0e
renachservice,renachservice-p,renach-coletaimagem-service,renach-coletaimagem-service-b75d99566-mb6pq,0.1432452087058277,23,30,1ef9dd688751c00d6e071d30b7e266a9
renachservice,renachservice-mon,renach-condutor-service-prth,renach-condutor-service-prth-9bb78b9ff-64qnx,0.000522947168339,23,30,bf1ffbec771f70b8332034c5198e6270
retsam,retsam-prod,retsam-core-malha-dctf,retsam-core-malha-dctf-67cfb6bd76-76fsb,0.053614794620157,23,30,e0a3ea795c6af6415e19f7a46d7f1043
saj-processos,saj-processos-mon,saj-prometheus,saj-prometheus-58f7bc47b9-whssz,6.661130928549164e-06,23,30,9821ae840ab075bc6f4fc50f5b95bd00
sccipiress,sccipiress-mon,sccipiress-pth,sccipiress-pth-7945d79986-vnpdx,0.0027977807322837,23,30,9d5a6bf14c22bfedca1cec405c358687
radarv2,radarv2-p,sched-carta-resposta,sched-carta-resposta-1667528220-jdj4m,4.054361530406579,23,30,35e4e4307e449f7b62fb2ab6927297b8
radarv2,radarv2-p,sched-enviar-np2,sched-enviar-np2-1667528760-57tkl,0.0007197716041666,23,30,5eba5f90b0f0a32ca028c3eb0429004f
radarv2,radarv2-p,sched-proc-incons-ecartas,sched-proc-incons-ecartas-1667528580-khw6q,0.0104522835511236,23,30,23fbe99e8be24e7d2133c44567839f74
handson,handson-seat7,seat7-airflow-webserver,seat7-airflow-webserver-8578fcd5ff-lnzct,0.2554803364200361,23,30,8236de3f4e42db050db9747ac3f366fd
siapa,siapa-pro,siapa-senharede-certificado,siapa-senharede-certificado-7484f68fdf-47jlw,0.0152368541854071,23,30,93e21defe9aebdfa7ae0ba0654394eea
siconv,siconv-mon,siconv-gfn,siconv-gfn-7588775677-vjksp,0.0002482092423915,23,30,ea5f0cc1c280fbb0af04d01fc2a301f0
siconv,siconv-mon,siconv-prth,siconv-prth-5cfb967685-7kg94,0.025291384499285,23,30,e0b3cf4c428ab950787b62bd126bc0fa
sipt,sipt-mon,sipt-pth,sipt-pth-5b9f55c744-wsc6p,0.0003062188577745,23,30,b314bbb824eac2942b9b229b988cc2fd
ws-sne,ws-sne-mon,sne-prometheus,sne-prometheus-6b46789ff9-q8v4q,0.0327179965354301,23,30,10d016dac972319ab29154ccdf087e85
spunet,spunet-pro,spunet-storage,spunet-storage-5f84fcfcb4-7544z,0.2725216768598328,23,30,59ec416aa680088ec182278923e8ca57
meugov,meugov-p,transaction-job,transaction-job-1667528400-nn7wm,0.0003615034803577,23,30,853d3b1bc1e93ae2af8c2f44e353fcf9
pfauto,pfauto-vb,vendas-gestor,vendas-gestor-7b8688984b-hmswv,0.0028477453402689,23,30,ca3fb94058b4a1797b4cbd43014e1adf
webacfisc,webacfisc-mon,webacfisc-prometheus,webacfisc-prometheus-57c5c876d4-9qjxz,0.002670455238538,23,30,848ae9dd2a7d1d72a9d0150d820987c8
anex-wsanexaca,anex-wsanexaca-mon,wsax-grafana,wsax-grafana-5c57bbcf8c-crrrm,0.0004220470786257,23,30,a2cbc0dc59830152a3b11f40d5b5f3f4
wsdenatran,wsdenatran-prospo,wsdenatran,wsdenatran-7bdbfd8fdb-m78gq,0.0006820676019726,23,30,990b8a3b4ea30133974073ed71be1ac4
